,VIOLATION_ID,ORG_ID,VIOLATION_TYPE,VIOLATION_DESC,REMEDIAL_TEXT,CATEGORY
0,1,1,BANNERS,Banners,CAAZ_BANNERS,CAAZ
1,2,1,BGMATOWNER,Proper Maintenance Req - Owner,CAAH_BG_MATOWNER,CAAH
2,4,1,BLDGMAINT,Proper Maintenance Req,CAAH_BLDG_MAINT,CAAH
3,5,1,BLDGPERMIT,Building Permit Required,CAAB_BLDG_PERMIT,CAAB
4,6,1,BLDGSCOPE,Scope of Building Code,CAAH_BLDG_SCOPE,CAAH
5,7,1,BOARDINGRQ,Boarding Requirements,CAAH_BOARDING_REQU,CAAH
6,8,1,BOARDVAC,Boarding of Vacant Buildings,CAAH_BOARDING_VABLDG,CAAH
7,9,1,CARROW,Vehicle In The Right-Of-Way,CAMCL_SEW_CONCT,CAM
8,10,1,CERTCOMP,Certificate of Compliance Required,CAAZ_CERT_COMP,CAAZ
9,11,1,CERTOCC,Certificate of Occupancy Required,CAAH_CERT_OCC,CAAH
10,12,1,CHICKFARM,Chickens and Other Domestic Farm Animals,CAAZ_CHICK_ANIMALS,CAAZ
11,13,1,CONSIGSALE,Consignment Sale,CAAZ_CONSIGN_SALE,CAAZ
12,14,1,CROWDEDFM,Overcrowding – Unrelated Adults,CAAZ_OVCROWDEDFM,CAAZ
13,15,1,CROWDGH,Overcrowding – Group Home,CAAZ_OVCROWDEDGH,CAAZ
14,16,1,DUMPDESIG,Dumping in permitted places,nan,DUM
15,(B). It is unlawful for any person to dispose of or cause to be disposed any waste in any private receptacle other than the person's own private receptacle or unless authorized to do so by the owner of the private receptacle. ,CAMCL_DUMP_DESIG,nan,N,1,
16,17,1,DUMPSTER,Hours of Collection & Dumpster Required,CAMCL_LIT_NOTICE,CAM
17,18,1,ECSYSHZ,Electrical System Hazards,CAAE_ELECSYS_HAZ,CAAE
18,19,1,ECSYSHZCRT,Electrical System Certification,CAAE_ELECSYS_HAZCERT,CAAE
19,20,1,ELECEAREC,Electrical Receptacles,CAAE_ELECEA_RECPT,CAAE
20,21,1,ELECEQ,Electrical Equipment ,CAAE_ELEC_EQ,CAAE
21,22,1,ELECEQLIGH,Electrical Lighting Fixtures,CAAE_ELECEQ_LIGHT,CAAE
22,23,1,ELECFAC,Electrical Facilities Required,CAAE_ELECFAC,CAAE
23,24,1,ELECSVCPAN,Electrical Service Panel,CAAE_ELECSVC_PANEL,CAAE
24,25,1,EXPARK,Exterior Prop Area – Vehicles – Parking,CAAH_EXT_PARK,CAAH
25,26,1,EXTACC,Exterior Prop Area – Acces Structures,CAAH_EXT_ACC,CAAH
26,27,1,EXTBAHAT,Exterior of Bldgs – Basement Hatchways,CAAH_EXT_BAHAT,CAAH
27,28,1,EXTBAL,Exterior of Buildings - Balconies,CAAH_EXT_BALCO,CAAH
28,29,1,EXTCHIMTW,Exterior of Bldgs – Chimneys and Towers,CAAH_EXT_CHIMTW,CAAH
29,30,1,EXTDEC,Exterior of Buildings – Decks,CAAH_EXT_DECK,CAAH
30,31,1,EXTDECF,Exterior of Bldgs – Decorative Features,CAAH_EXT_DECF,CAAH
31,32,1,EXTDENBW,Exterior Prop Area – Fences  Barbed Wire,CAAH_EX_FENBW,CAAH
32,33,1,EXTDOOR,Exterior of Buildings – Doors,CAAH_EXT_DOOR,CAAH
33,34,1,EXTEPIDRES,Exterior of Buildings – Premises ID Res,CAAH_EXT_PIDRES,CAAH
34,35,1,EXTERMOCUP,Extermination – Multiple Occupancy,CAAH_EXTER_MOCCUP,CAAH
35,36,1,EXTEROCCUP,Extermination – Single Occupant,CAAH_EXTER_OCCUP,CAAH
36,37,1,EXTEROWNER,Extermination – Owner,CAAH_EXTER_OWNER,CAAH
37,38,1,EXTERREQ,Extermination Required,CAAH_EXTER_REQ,CAAH
38,39,1,EXTERSOCC,Extermination – Occupant,CAAH_EXTER_SOCCUP,CAAH
39,40,1,EXTEXAH,Exterior Prop Area – Exhaust Vents,CAAH_EXT_EXAH,CAAH
40,41,1,EXTEXTWALL,Exterior of Buildings – Exterior Walls,CAAH_EXT_EXTWALL,CAAH
41,42,1,EXTFDWALL,Exterior of Buildings – Foundation Walls,CAAH_EXT_FDWALL,CAAH
42,43,1,EXTFENMAIN,Exterior Prop Area – Fence Material Main,CAAH_EXT_FENMAINT,CAAH
43,44,1,EXTFENMAT,Exterior Prop Area – Fencing Materials,CAAH_EXT_FENMAT,CAAH
44,45,1,EXTGATE,Exterior Prop Area – Gates,CAAH_EXT_GATE,CAAH
45,46,1,EXTGBAWIN,Exterior of Bldgs – Guards Basement Wind,CAAH_GBAWIN,CAAH
46,47,1,EXTGLAZ,Exterior of Buildings – Glazing,CAAH_EXT_GLAZ,CAAH
47,48,1,EXTGRAD,Exterior Prop Area – Grading Required,CAAH_EXT_GRAD,CAAH
48,49,1,EXTGUTTTER,Exterior of Bldgs – Roofs– Gutter Sys,CAAH_EXT_GUTTER,CAAH
49,50,1,EXTHANDGRD,Exterior of Bldgs – Handrails and Guards,CAAH_EXT_HANDGRD,CAAH
50,51,1,EXTOPNWIN,Exterior of Buildings – Openable Windows,CAAH_EXT_OPNWIN,CAAH
51,52,1,EXTOVEXT,Exterior of Bldgs – Overhang Extensions,CAAH_EXT_OVEXT,CAAH
52,53,1,EXTPIDNRES,Exterior of Bldgs – Premises ID Nonres,CAAH_EXT_PIDNRES,CAAH
53,54,1,EXTPIMFAM,Exterior of Bldg – Premises ID Multi-Fam,CAAH_EXT_PIMFAM,CAAH
54,55,1,EXTPOR,Exterior of Buildings - Porches,CAAH_EXT_PORC,CAAH
55,56,1,EXTPRKAR,Exterior Prop Area – Designated Parking,CAAH_EXT_PRKAR,CAAH
56,57,1,EXTPTMET,Exterior of Bldgs – Treatment Metal Sur,CAAH_EXT_PTMET,CAAH
57,58,1,EXTPTSID,Exterior of Bldgs – Treatment (Siding),CAAH_EXT_PTSID,CAAH
58,59,1,EXTPTWD,Exterior of Bldgs – Pro Treatment (Wood),CAAH_EXT_PTWD,CAAH
59,60,1,EXTREPAIR,Exterior Repair – General,CAAH_EXTERIOR_REPAIR,CAAH
60,61,1,EXTROD,Exterior Prop Area – Rodent Harborage,CAAH_EXT_ROD,CAAH
61,62,1,EXTROFDRAN,Exterior of bldgs – Roofs– Drainage Sys,CAAH_EXT_ROFDRAN,CAAH
62,63,1,EXTROFSYS,Exterior of Bldgs – Roofs – Roof System,CAAH_EXT_ROFSYS,CAAH
63,64,1,EXTSAN,Exterior Prop Area – Sanitation,CAAH_EXT_SAN,CAAH
64,65,1,EXTSCRENNR,Exterior of Bldgs  Insect Screens Nonres,CAAH_EXT_INSSCNRES,CAAH
65,66,1,EXTSCRNRES,Exterior of Bldgs – Insect Screens Res,CAAH_EXT_INSSCRES,CAAH
66,67,1,EXTSDWLK,Exterior Prop Area – Sidewalks,CAAH_EXT_SDWLK,CAAH
67,68,1,EXTSTA,Exterior of Buildings – Stairways,CAAH_EXT_STAIRW,CAAH
68,69,1,EXTSTMEM,Exterior of Bldgs – Structural Members,CAAH_EXT_STMEM,CAAH
69,70,1,EXTSWIM,Exterior Prop Area – Swimming Pools,CAAH_EXT_SWIM,CAAH
70,71,1,EXTTRLS,Exterior Prop Area – Trailers Watercraft,CAAH_EXT_TRLS,CAAH
71,72,1,EXTVEHCON,Exterior Prop Area – Veh – Inop/Unlc,CAAH_EXT_VEHCON,CAAH
72,73,1,EXTVEHPT,Exterior Prop Area – Vehicle Painting,CAAH_EXT_VEHPT,CAAH
73,74,1,EXTVEHRP,Exterior Prop Area – Veh – Dis/Repair,CAAH_EXT_VEHRP,CAAH
74,75,1,EXTWEED,Exterior Prop Area – High Weeds,CAAH_EXT_WEED,CAAH
75,76,1,EXTWINDDRF,"Ext of Bldgs – Wind, Skylit Door Frames",CAAH_EXT_WINDDRF,CAAH
76,77,1,FENCEGHTPR,Fence Height – Off Right-Of-Way (opaque),CAAZ_FENCE_HGT_PRV,CAAZ
77,78,1,FENCEHGFRT,Fence Height – Inside Front Setback,CAAZ_FENCE_HGT_FRT,CAAZ
78,79,1,FENCEHGSR,Fence Height – Side and Rear Setback,CAAZ_FENCE_HGT_SRER,CAAZ
79,80,1,FENCEHGTOP,Fence Height – Off Right-Of-Way (open),CAAZ_FENCE_HGT_OPN,CAAZ
80,81,1,FIREDOORS,Fire Safety – Emergency Escape (Doors),CAAF_FIRESF_DOORS,CAAF
81,82,1,FIREPSMDIN,Fire Protection – Smoke Detector Install,CAAF_FIREPROT_SMDINS,CAAF
82,83,1,FIRESFESC,Fire Safety – Emergency Escape,CAAF_FIRESF_ESC,CAAF
83,84,1,FIRESFGEN,Fire Safety Requirements – Egress,CAAF_FIRESF_GEN,CAAF
84,85,1,FIRESFNCO,Fire Safety – Emergency Escape (Opening),CAAF_FIRESF_NCO,CAAF
85,86,1,FIRESFNCOH,Fire Safety – Emergency Escape (Height),CAAF_FIRESF_NCOH,CAAF
86,87,1,FIRESFNCOW,Fire Safety – Emergency Escape (Width),CAAF_FIRESF_NCOW,CAAF
87,88,1,FIRESFOP,Fire Safety – Emergency Escape (Op),CAAF_FIRESF_OP,CAAF
88,89,1,FIRESMKDET,Fire Protection – Smoke Detectors,CAAF_FIREPROT_SMKDET,CAAF
89,90,1,GARAGESAL,Garage Sales,CAAZ_GARAGE_SALE,CAAZ
90,91,1,GRAFFITI,Exterior of Buildings – Graffiti,CAAH_GRAFFITI,CAAH
91,92,1,HAZWASGEN,"Hazardous, pathogenic, radioactive waste",CAMCL_HAZ_WASTE_GEN,CAM
92,93,1,HAZWSTPATH,"Hazardous, pathogenic, radioactive waste",CAMCL_HAZ_WST_PATH,CAM
93,94,1,HEATREC,Heating – Heating Facilities Required,CAAH_HEAT_REC,CAAH
94,95,1,HEATRES,Heating – Residential Occupancies,CAAH_HEAT_RES,CAAH
95,96,1,HEATSUPPLY,Heating – Heat Supply,CAAH_HEAT_SUPPLY,CAAH
96,97,1,HEATWRKSPC,Heat – Occupiable Work Spaces,CAAH_HEAT_WRK_SPC,CAAH
97,98,1,HOMEOCC,Home Occupation – Permit Required,CAAZ_HOMEOCC,CAAZ
98,99,1,HOMEOCCCON,Home Occupation – Conditions,CAAZ_HOME_OCC,CAAZ
99,100,1,HSANSTD,Sanitation requirements,CAMCL_HSAN_VACBD,CAM
100,101,1,HSANVACBD,Vacation of buildings,CAMCL_QUAR_HOLE,CAM
101,102,1,INTBLDGN,Interiors of Bldgs and Structures Gen,CAAH_INT_BLDGN,CAAH
102,103,1,INTBLDSUR,Interior of Buildings - Surfaces,CAAH_INT_BLDSUR,CAAH
103,104,1,INTHNDGRD,Interior of Bldgs – Handrails and Guards,CAAH_INT_HNDGRD,CAAH
104,105,1,INTINTDOOR,Interior of Buildings – Interior Doors,CAAH_INT_INTDOOR,CAAH
105,106,1,INTSTAIR,Interior of Bldgs – Stairs Walking Surf,CAAH_INT_STAIR,CAAH
106,107,1,LANDREG,Landlord Registration Required,CAAR_LAND_REG,CAAR
107,108,1,LIGHTCHALL,Light – Common Halls and Stairways,CAAH_LIGHT_CHALL,CAAH
108,109,1,LIGHTEMISS,Lighting (Emission),CAAZ_LIGHT_EMISSION,CAAZ
109,110,1,LIGHTHSPC,Light – Habitable Spaces,CAAH_LIGHT_HSPC,CAAH
110,111,1,LIGHTMAX,Lighting (MAX Level),CAAZ_LIGHT_MAX,CAAZ
111,112,1,LIGHTOTR,Light – Other Spaces,CAAH_LIGHT_OTR,CAAH
112,113,1,LITBUSCIT,Litter on public places - citizens,CAMCL_LIT_PRVPROP,CAM
113,114,1,LITBUSREP,Litter on business premises -owner,CAMCL_LIT_BUSCIT,CAM
114,115,1,LITHNBILLP,Handbills - distribution in public,CAMCL_LIT_HNBILL_VEH,CAM
115,116,1,LITHNBILLV,Handbills - distribution on vehicles,CAMCL_LIT_BUSREP,CAM
116,117,1,LITNOTICE,Posting notices prohibited,CAMCL_LIT_HNBILL_PUB,CAM
117,118,1,LITPRO,Proper placement in receptacles ,CAMCL_LIT_WATER,CAM
118,119,1,LITPRVPROO,Litter on private property - owners,CAMCL_LIT_PRVPROP_GN,CAM
119,120,1,LITPRVPROP,Litter on occupied private property,CAMCL_LIT_PROPPL,CAM
120,121,1,LITVACLOT,Litter on vacant lots,CAMCL_LIT_VEH,CAM
121,122,1,LITVEH,Litter from vehicles,CAMCL_LIT_VEHLOAD,CAM
122,123,1,LITVEHLOAD,Litter from vehicle loads tires,CAMCL_ROD_STOGAR,CAM
123,124,1,LITWATER,Litter in water,CAMCL_LIT_VACLOT,CAM
124,125,1,MECHCOMB,Mechanical Equip – Remove of Combus Prod,CAAM_MECH_COMB,CAAM
125,126,1,MECHEQUIP,Mechanical Equip – Appliances,CAAM_MECH_EQUIP,CAAM
126,127,1,MVENVEND,Mobile Vending,CAAZ_MVEN_VENDING,CAAZ
127,128,1,NOISE,Continuous & Intermittent Noise,CAZZ_NOISE,CAZ
128,129,1,NUISGARB,Garbage causing nuisance,CAMCL_NUIS_GARB,CAM
129,130,1,OCCUPACC,Occupancy – Access from Bedrooms,CAAH_OCCUP_ACCESS,CAAH
130,131,1,OCCUPBED,Occupancy – Bedroom Requirements,CAAH_OCCUP_BEDRM,CAAH
131,132,1,OCCUPLIMPV,Occupancy Limits – Privacy,CAAH_OCCUP_LIMPVY,CAAH
132,133,1,OCCUPOCRWD,Occupancy – Overcrowding,CAAH_OCCUP_OCRWD,CAAH
133,134,1,OCCUPOREQ,Occupancy – Other Requirements,CAAH_OCCUP_OREQ,CAAH
134,135,1,OCCUPPROH,Occupancy Prohibited,CAAH_OCCUP_PROHIB,CAAH
135,136,1,OCCUPRMHGT,Occupancy – Minimum Ceiling Heights,CAAH_OCCUP_RMHGT,CAAH
136,137,1,OCCUPRMWID,Occupancy – Minimum Room Widths,CAAH_OCCUP_RMWID,CAAH
137,138,1,OCCUPSLEEP,Occupancy – Sleeping Rooms,CAAH_OCCUP_SLEEPRM,CAAH
138,139,1,OCCUPWCACC,Occupancy – Water Closet Access,CAAH_OCCUP_WCACC,CAAH
139,140,1,OPNSTOR,Exterior Prop Area – Open Storage - All,CAAH_OPN_STOR,CAAH
140,141,1,OPSTDB,Exterior Prop Area – Open Stor – Debris,CAAH_OPST_DEB,CAAH
141,142,1,OPSTJTD,Exterior Prop Area – Open Storage – JTD,CAAH_OPST_JTD,CAAH
142,143,1,OPSTVEH,Exterior Prop Area – Open Storage - Veh,CAAH_OPST_VEH,CAAH
143,144,1,PAVINGPARK,Paving Permanent Parking Areas,CAAZ_PAVING_PARK,CAAZ
144,145,1,PERMITREQ,Building and Zoning Permit Required,CAAZ_PERMIT_BLD_REQ,CAAZ
145,146,1,PLUMDWLUT,Plumbing – Dwelling Units,CAAP_PLUM_DWLUT,CAAP
146,147,1,PLUMEMFAC,Plumbing – Employee Facilities,CAAP_PLUM_EMFAC,CAAP
147,148,1,PLUMFIXCL,Plumbing Systems – Fixture Clearance,CAAP_PLUM_FIXCL,CAAP
148,149,1,PLUMGENREQ,Plumbing Systems – General Requirements,CAAP_PLUM_GENREQ,CAAP
149,150,1,PLUMHOTEL,Plumbing – Hotel,CAAP_PLUM_HOTEL,CAAP
150,151,1,PLUMRMHSE,Plumbing – Rooming Houses,CAAP_PLUM_RMHSE,CAAP
151,152,1,PLUMSYSHAZ,Plumbing Systems – System Hazards,CAAP_PLUM_SYSHAZ,CAAP
152,153,1,QUARHOLE,Nuisance declared - holes,CAAZ_CAR_ROW,CAAZ
153,154,1,RESPMAINT,Failure to Maintain Bldgs or Structures,CAAH_RESP_MAINT,CAAH
154,155,1,RESUESECRS,Security Residence,CAAZ_REUSE_SECRES,CAAZ
155,156,1,RESUSECON,Consignment Sale,CAAZ_RESUSE_CONSIGN,CAAZ
156,157,1,RODACCGAR,Accumulation of garbage,CAMCL_HSAN_STD,CAM
157,158,1,RODSTOGAR,Storage and disposal of garbage,CAMCL_ROD_ACCGAR,CAM
158,159,1,RUBDISGAR,Rubbish and Garbage – Disposal  Garbage,CAAH_RUB_DISGAR,CAAH
159,160,1,RUBGARCON,Rubbish and Garbage – Containers,CAAH_RUB_GARCON,CAAH
160,161,1,RUBGARD,Rubbish and Garbage – Disposal Rubbish,CAAH_RUB_GARD,CAAH
161,162,1,RUBGARFAC,Rubbish and Garbage – Garbage Facilities,CAAH_RUB_GARFAC,CAAH
162,163,1,RUBGARSTOR,Rubbish and Garbage – Rubbish Storage,CAAH_RUB_GARSTOR,CAAH
163,164,1,SANDRAINMT,Sanitary Drainage System – Maintenance,CAAP_SAN_DRAIN_MAINT,CAAP
164,165,1,SANDRAINSY,Sanitary Drainage System – General,CAAP_SAN_DRAIN_SYS,CAAP
165,166,1,SCHBUS,School Buses,CAAH_SCH_BUS,CAAH
166,167,1,SEWCONCT,Connect to public sewer,CAMCL_SEW_CONCTP,CAM
167,168,1,SEWCONPER,Private connections permitted,CAMCL_SEW_SEPTK,CAM
168,169,1,SEWRNOFWTR,Runoff in body of water,CAAB_STOP_WORK,CAAB
169,170,1,SEWRUNOFF,Runoff of contents unlawful,CAMCL_SEW_RNOFWTR,CAM
170,171,1,SEWSEPTK,Septic Tank - Sewage on ground,CAMCL_SEW_RUNOFF,CAM
171,172,1,SGNPRHBPOR,Prohibited Sign - Portable Sign,CAAZ_SGN_PROHBPORT,CAAZ
172,173,1,SGNPROBLK,Prohibited Signs - Blank,CAAZ_SGN_PROHBBLK,CAAZ
173,174,1,SIGH25,Signs – Greater than 25 Percent,CAAZ_SIGN_25PERCENT,CAAZ
174,175,1,SIGNABAN,Abandoned Signs,CAAZ_SIGN_ABAN,CAAZ
175,176,1,SIGNDILAP,Dilapidated Signs,CAAZ_SIGN_DILAP,CAAZ
176,177,1,SIGNHARM,Prohibited Sign - Harmful,CAZZ_SGN_PROHBHARM,CAZ
177,178,1,SIGNIPLS,Signs – Prohibited Placement –BUS,CAAZ_SIGN_IPLS,CAAZ
178,179,1,SIGNIPPP,Signs – Prohibited Placement – Public,CAAZ_SIGN_IPPP,CAAZ
179,180,1,SIGNMAINT,Sign Maintenance ,CAAZ_SIGN_MAINT,CAAZ
180,181,1,SIGNMAT,Sign Material,CAAZ_SIGN_MAT,CAAZ
181,182,1,SIGNMOTION,Electronic Sign (LED) Display Motion,CAAZ_SIGN_MOTION,CAAZ
182,183,1,SIGNPERMIT,Sign Permit Required,CAAZ_SIGN_PERMIT_REQ,CAAZ
183,184,1,SIGNPROHB,Prohibited Signs,CAAZ_SIGN_PROHB,CAAZ
184,185,1,SIGNPROHH,Signs – Prohibited – Handheld,CAAZ_SIGN_HNDHLD,CAAZ
185,186,1,SIGNTIMING,Electronic Sign (LED) Display Timing,CAAZ_SIGN_TIMING,CAAZ
186,187,1,SIGNUNSILL,Unsafe or Illegal Sign,CAAZ_SIGN_UNSAILL,CAAZ
187,188,1,SIGNVEHP,Signs – Prohibited (Vehicle Signs),CAAZ_SIGN_VEHP,CAAZ
188,189,1,SIGNWND,Signs – Prohibited - Wind,CAAZ_SIGN_WND,CAAZ
189,190,1,STMEM,Interior of Bldgs – Structural Members,CAAH_STMEM,CAAH
190,191,1,STOPWORK,Stop Work Order Posted,CAAH_BLDG_SCOPE,CAAH
191,192,1,TEMPEXPIR,Temporary U&O Expired,CAAB_TEMP_EXPIR,CAAB
192,193,1,TOLRMLOC,Toilet Rooms – Location,CAAP_TOLRM_LOC,CAAP
193,194,1,TOLRMPRVC,Toilet Rooms – Privacy,CAAP_TOLRM_PRVC,CAAP
194,195,1,TOLRNLOCEM,Toilet Rooms – Employee Toilet Facilitie,CAAP_TOLRN_LOCEMFC,CAAP
195,196,1,TRACTRAIL,Tractor-Trailer Parking,CAAH_TRAC_TRAILER,CAAH
196,197,1,TRASHCANS,Trash Cans,CAAH_TRASH_CANS,CAAH
197,198,1,TRUCKCOMM,Commercial Truck Parking,CAAH_TRUCK,CAAH
198,199,1,USENOTPERM,Use Not Permitted,CAAZ_USE_NOT_PERMIT,CAAZ
199,200,1,VACANTBLD,Vacant Buildings,CAAH_VACANT_BLDINGS,CAAH
200,201,1,VENTBATH,Ventilation – Bathrooms and Toilet Rooms,CAAH_VENT_BATH,CAAH
201,202,1,VENTCOOK,Ventilation – Cooking Facilities,CAAH_VENT_COOKFAC,CAAH
202,203,1,VENTDRYER,Ventilation – Clothes Dryer Exhaust ,CAAH_VENT_DRYER,CAAH
203,204,1,VENTHAB,Ventilation – Habitable Spaces,CAAH_VENT_HABSPC,CAAH
204,205,1,VENTPROC,Ventilation – Process Ventilation,CAAH_VENT_PROC,CAAH
205,206,1,WATERCON,Water System – Contamination ,CAAP_WATER_CONTAM,CAAP
206,207,1,WATERGEN,Water System – General,CAAP_WATER_GEN,CAAP
207,208,1,WATERSUP,Water – Supply,CAAP_WATER_SUPPLY,CAAP
208,209,1,WATERWTRHT,Water – Water Heating Facilities,CAAP_WATER_WTRHEAT,CAAP
209,210,1,SWVIOLPTP,Violations - Post Construction Treatment,nan,SW
210,212,1,SWVIOLWQ,Violations for Water Quality Impacts,nan,SW
211,213,1,SWENVCRT,Environmental Court Proceedings,nan,SW
212,214,1,SWVIOLGP,Violations - for Construction Activities,nan,SW
213,247,1,917,HOUSE DISREPAIR,nan,917
214,381,1,CAAA_ACCESSORY_STUCT,ACCESSORY STRUCTURES,nan,CAAA
215,384,1,CAAA_BOAT,BOAT STORAGE IN FRONT YARD PROHIBITED,nan,CAAA
216,385,1,CAAA_DUMPSTER,HOURS OF COLLECTION & DUMPSTER REQUIRE,nan,CAAA
217,386,1,CAAA_EXHAUST_FAN,EXHAUST FAN DISCHARGE,nan,CAAA
218,387,1,CAAA_EXTERIOR_REPAIR,EXTERIOR REPAIR,nan,CAAA
219,388,1,CAAA_FAILURE_SECURE,FAILURE TO SECURE,nan,CAAA
220,389,1,CAAA_FENCE_MATERIAL,FENCE MATERIAL,nan,CAAA
221,390,1,CAAA_GATE_MAINT,GATE MAINTENANCE,nan,CAAA
222,391,1,CAAA_GRAFFITI,GRAFFITI,nan,CAAA
223,392,1,CAAA_HIGH_WEEDS,HIGH WEEDS,nan,CAAA
224,393,1,CAAA_IMV_ACCUM,UNLIC / INOP / ACCUMULATION MTR VEHICLES,nan,CAAA
225,394,1,CAAA_INTERIOR_REPAIR,INTERIOR REPAIR,nan,CAAA
226,395,1,CAAA_LANDLORD_REGSTR,LANDLORD REGISTRATION,nan,CAAA
227,396,1,CAAA_OPEN_STORAGE,"OPEN STORAGE, JUNK, TRASH, DEBRIS",nan,CAAA
228,397,1,CAAA_PARK_ON_GRASS,PARKING ON GRASS,nan,CAAA
229,398,1,CAAA_PARKING_25%,PARKING AREA EXCEEDS 25%,nan,CAAA
230,399,1,CAAA_PREMIS_ID_COMER,ADDRESS ID COMMERCIAL,nan,CAAA
231,400,1,CAAA_PREMIS_ID_MLTFM,ADDRESS ID MULTI FAMILY,nan,CAAA
232,401,1,CAAA_PREMIS_ID_RES,ADDRESS ID RESIDENTIAL,nan,CAAA
233,402,1,CAAA_RODENT_INFESTA,RODENT INFESTATION,nan,CAAA
234,403,1,CAAA_SIDEWLK_DRIVEWA,SIDEWALK AND DRIVEWAY MAINT,nan,CAAA
235,404,1,CAAA_SWIMMING_POOLS,SWIMMING POOLS,nan,CAAA
236,405,1,CAAA_TRASH_CANS,TRASH CANS,nan,CAAA
237,407,1,CAAB_BLDG_PERMIT,BUILDING PERMIT REQUIRED,nan,CAAB
238,408,1,CAAB_STOP_WORK,STOP WORK ORDER POSTED,nan,CAAB
239,409,1,CAAB_TEMP_EXPIR,TEMPORARY U&O EXPIRED,nan,CAAB
240,410,1,CAAE_ELEC_EQ,ELECTRICAL EQUIPMENT,nan,CAAE
241,411,1,CAAE_ELECEA_RECPT,ELECTRICAL RECEPTACLES,nan,CAAE
242,412,1,CAAE_ELECEQ_LIGHT,ELECTRICAL LIGHTING FIXTURES,nan,CAAE
243,413,1,CAAE_ELECFAC,ELECTRICAL FACILITIES REQUIRED,nan,CAAE
244,414,1,CAAE_ELECSVC_PANEL,ELECTRICAL SERVICE PANEL,nan,CAAE
245,415,1,CAAE_ELECSYS_HAZ,ELECTRICAL SYSTEM HAZARDS,nan,CAAE
246,416,1,CAAE_ELECSYS_HAZCERT,ELECTRICAL SYSTEM CERTIFICATION,nan,CAAE
247,417,1,CAAF_FIREPROT_SMDINS,FIRE PROTECTION – SMOKE DETECTOR INSTALL,nan,CAAF
248,418,1,CAAF_FIREPROT_SMKDET,FIRE PROTECTION – SMOKE DETECTORS,nan,CAAF
249,419,1,CAAF_FIRESF_DOORS,FIRE SAFETY – EMERGENCY ESCAPE (DOORS),nan,CAAF
250,420,1,CAAF_FIRESF_ESC,FIRE SAFETY – EMERGENCY ESCAPE,nan,CAAF
251,421,1,CAAF_FIRESF_GEN,FIRE SAFETY REQUIREMENTS – EGRESS,nan,CAAF
252,422,1,CAAF_FIRESF_NCO,FIRE SAFETY – EMERGENCY ESCAPE (OPENING),nan,CAAF
253,423,1,CAAF_FIRESF_NCOH,FIRE SAFETY – EMERGENCY ESCAPE (HEIGHT),nan,CAAF
254,424,1,CAAF_FIRESF_NCOW,FIRE SAFETY – EMERGENCY ESCAPE (WIDTH),nan,CAAF
255,425,1,CAAF_FIRESF_OP,FIRE SAFETY – EMERGENCY ESCAPE (OP),nan,CAAF
256,426,1,CAAH_BG_MATOWNER,PROPER MAINTENANCE REQ - OWNER,nan,CAAH
257,427,1,CAAH_BLDG_MAINT,PROPER MAINTENANCE REQ,nan,CAAH
258,428,1,CAAH_BLDG_SCOPE,SCOPE OF BUILDING CODE,nan,CAAH
259,429,1,CAAH_BOARDING_REQU,BOARDING REQUIREMENTS,nan,CAAH
260,430,1,CAAH_BOARDING_VABLDG,BOARDING OF VACANT BUILDINGS,nan,CAAH
261,431,1,CAAH_CERT_OCC,CERTIFICATE OF OCCUPANCY REQUIRED,nan,CAAH
262,432,1,CAAH_EX_FENBW,EXTERIOR PROP AREA – FENCES  BARBED WIRE,nan,CAAH
263,433,1,CAAH_EXT_ACC,EXTERIOR PROP AREA – ACCES STRUCTURES,nan,CAAH
264,434,1,CAAH_EXT_BAHAT,EXTERIOR OF BLDGS – BASEMENT HATCHWAYS,nan,CAAH
265,435,1,CAAH_EXT_BALCO,EXTERIOR OF BUILDINGS - BALCONIES,nan,CAAH
266,436,1,CAAH_EXT_CHIMTW,EXTERIOR OF BLDGS – CHIMNEYS AND TOWERS,nan,CAAH
267,437,1,CAAH_EXT_DECF,EXTERIOR OF BLDGS – DECORATIVE FEATURES,nan,CAAH
268,438,1,CAAH_EXT_DECK,EXTERIOR OF BUILDINGS – DECKS,nan,CAAH
269,439,1,CAAH_EXT_DOOR,EXTERIOR OF BUILDINGS – DOORS,nan,CAAH
270,440,1,CAAH_EXT_EXAH,EXTERIOR PROP AREA – EXHAUST VENTS,nan,CAAH
271,441,1,CAAH_EXT_EXTWALL,EXTERIOR OF BUILDINGS – EXTERIOR WALLS,nan,CAAH
272,442,1,CAAH_EXT_FDWALL,EXTERIOR OF BUILDINGS – FOUNDATION WALLS,nan,CAAH
273,443,1,CAAH_EXT_FENMAINT,EXTERIOR PROP AREA – FENCE MATERIAL MAIN,nan,CAAH
274,444,1,CAAH_EXT_FENMAT,EXTERIOR PROP AREA – FENCING MATERIALS,nan,CAAH
275,445,1,CAAH_EXT_GATE,EXTERIOR PROP AREA – GATES,nan,CAAH
276,446,1,CAAH_EXT_GLAZ,EXTERIOR OF BUILDINGS – GLAZING,nan,CAAH
277,447,1,CAAH_EXT_GRAD,EXTERIOR PROP AREA – GRADING REQUIRED,nan,CAAH
278,448,1,CAAH_EXT_GUTTER,EXTERIOR OF BLDGS – ROOFS– GUTTER SYS,nan,CAAH
279,449,1,CAAH_EXT_HANDGRD,EXTERIOR OF BLDGS – HANDRAILS AND GUARDS,nan,CAAH
280,450,1,CAAH_EXT_INSSCNRES,EXTERIOR OF BLDGS  INSECT SCREENS NONRES,nan,CAAH
281,451,1,CAAH_EXT_INSSCRES,EXTERIOR OF BLDGS – INSECT SCREENS RES,nan,CAAH
282,452,1,CAAH_EXT_OPNWIN,EXTERIOR OF BUILDINGS – OPENABLE WINDOWS,nan,CAAH
283,453,1,CAAH_EXT_OVEXT,EXTERIOR OF BLDGS – OVERHANG EXTENSIONS,nan,CAAH
284,454,1,CAAH_EXT_PARK,EXTERIOR PROP AREA – VEHICLES – PARKING,nan,CAAH
285,455,1,CAAH_EXT_PIDNRES,EXTERIOR OF BLDGS – PREMISES ID NONRES,nan,CAAH
286,456,1,CAAH_EXT_PIDRES,EXTERIOR OF BUILDINGS – PREMISES ID RES,nan,CAAH
287,457,1,CAAH_EXT_PIMFAM,EXTERIOR OF BLDG – PREMISES ID MULTI-FAM,nan,CAAH
288,458,1,CAAH_EXT_PORC,EXTERIOR OF BUILDINGS - PORCHES,nan,CAAH
289,459,1,CAAH_EXT_PRKAR,EXTERIOR PROP AREA – DESIGNATED PARKING,nan,CAAH
290,460,1,CAAH_EXT_PTMET,EXTERIOR OF BLDGS – TREATMENT METAL SUR,nan,CAAH
291,461,1,CAAH_EXT_PTSID,EXTERIOR OF BLDGS – TREATMENT (SIDING),nan,CAAH
292,462,1,CAAH_EXT_PTWD,EXTERIOR OF BLDGS – PRO TREATMENT (WOOD),nan,CAAH
293,463,1,CAAH_EXT_ROD,EXTERIOR PROP AREA – RODENT HARBORAGE,nan,CAAH
294,464,1,CAAH_EXT_ROFDRAN,EXTERIOR OF BLDGS – ROOFS– DRAINAGE SYS,nan,CAAH
295,465,1,CAAH_EXT_ROFSYS,EXTERIOR OF BLDGS – ROOFS – ROOF SYSTEM,nan,CAAH
296,466,1,CAAH_EXT_SAN,EXTERIOR PROP AREA – SANITATION,nan,CAAH
297,467,1,CAAH_EXT_SDWLK,EXTERIOR PROP AREA – SIDEWALKS,nan,CAAH
298,468,1,CAAH_EXT_STAIRW,EXTERIOR OF BUILDINGS – STAIRWAYS,nan,CAAH
299,469,1,CAAH_EXT_STMEM,EXTERIOR OF BLDGS – STRUCTURAL MEMBERS,nan,CAAH
300,470,1,CAAH_EXT_SWIM,EXTERIOR PROP AREA – SWIMMING POOLS,nan,CAAH
301,471,1,CAAH_EXT_TRLS,EXTERIOR PROP AREA – TRAILERS WATERCRAFT,nan,CAAH
302,472,1,CAAH_EXT_VEHCON,EXTERIOR PROP AREA – VEH – INOP/UNLC,nan,CAAH
303,473,1,CAAH_EXT_VEHPT,EXTERIOR PROP AREA – VEHICLE PAINTING,nan,CAAH
304,474,1,CAAH_EXT_VEHRP,EXTERIOR PROP AREA – VEH – DIS/REPAIR,nan,CAAH
305,475,1,CAAH_EXT_WEED,EXTERIOR PROP AREA – HIGH WEEDS,nan,CAAH
306,476,1,CAAH_EXT_WINDDRF,"EXT OF BLDGS – WIND, SKYLIT DOOR FRAMES",nan,CAAH
307,477,1,CAAH_EXTER_MOCCUP,EXTERMINATION – MULTIPLE OCCUPANCY,nan,CAAH
308,478,1,CAAH_EXTER_OCCUP,EXTERMINATION – SINGLE OCCUPANT,nan,CAAH
309,479,1,CAAH_EXTER_OWNER,EXTERMINATION – OWNER,nan,CAAH
310,480,1,CAAH_EXTER_REQ,EXTERMINATION REQUIRED,nan,CAAH
311,481,1,CAAH_EXTER_SOCCUP,EXTERMINATION – OCCUPANT,nan,CAAH
312,482,1,CAAH_EXTERIOR_REPAIR,EXTERIOR REPAIR – GENERAL,nan,CAAH
313,483,1,CAAH_GBAWIN,EXTERIOR OF BLDGS – GUARDS BASEMENT WIND,nan,CAAH
314,484,1,CAAH_GRAFFITI,EXTERIOR OF BUILDINGS – GRAFFITI,nan,CAAH
315,485,1,CAAH_HEAT_REC,HEATING – HEATING FACILITIES REQUIRED,nan,CAAH
316,486,1,CAAH_HEAT_RES,HEATING – RESIDENTIAL OCCUPANCIES,nan,CAAH
317,487,1,CAAH_HEAT_SUPPLY,HEATING – HEAT SUPPLY,nan,CAAH
318,488,1,CAAH_HEAT_WRK_SPC,HEAT – OCCUPIABLE WORK SPACES,nan,CAAH
319,489,1,CAAH_INT_BLDGN,INTERIORS OF BLDGS AND STRUCTURES GEN,nan,CAAH
320,490,1,CAAH_INT_BLDSUR,INTERIOR OF BUILDINGS - SURFACES,nan,CAAH
321,491,1,CAAH_INT_HNDGRD,INTERIOR OF BLDGS – HANDRAILS AND GUARDS,nan,CAAH
322,492,1,CAAH_INT_INTDOOR,INTERIOR OF BUILDINGS – INTERIOR DOORS,nan,CAAH
323,493,1,CAAH_INT_STAIR,INTERIOR OF BLDGS – STAIRS WALKING SURF,nan,CAAH
324,494,1,CAAH_LIGHT_CHALL,LIGHT – COMMON HALLS AND STAIRWAYS,nan,CAAH
325,495,1,CAAH_LIGHT_HSPC,LIGHT – HABITABLE SPACES,nan,CAAH
326,496,1,CAAH_LIGHT_OTR,LIGHT – OTHER SPACES,nan,CAAH
327,497,1,CAAH_OCCUP_ACCESS,OCCUPANCY – ACCESS FROM BEDROOMS,nan,CAAH
328,498,1,CAAH_OCCUP_BEDRM,OCCUPANCY – BEDROOM REQUIREMENTS,nan,CAAH
329,499,1,CAAH_OCCUP_LIMPVY,OCCUPANCY LIMITS – PRIVACY,nan,CAAH
330,500,1,CAAH_OCCUP_OCRWD,OCCUPANCY – OVERCROWDING,nan,CAAH
331,501,1,CAAH_OCCUP_OREQ,OCCUPANCY – OTHER REQUIREMENTS,nan,CAAH
332,502,1,CAAH_OCCUP_PROHIB,OCCUPANCY PROHIBITED,nan,CAAH
333,503,1,CAAH_OCCUP_RMHGT,OCCUPANCY – MINIMUM CEILING HEIGHTS,nan,CAAH
334,504,1,CAAH_OCCUP_RMWID,OCCUPANCY – MINIMUM ROOM WIDTHS,nan,CAAH
335,505,1,CAAH_OCCUP_SLEEPRM,OCCUPANCY – SLEEPING ROOMS,nan,CAAH
336,506,1,CAAH_OCCUP_WCACC,OCCUPANCY – WATER CLOSET ACCESS,nan,CAAH
337,507,1,CAAH_OPN_STOR,EXTERIOR PROP AREA – OPEN STORAGE - ALL,nan,CAAH
338,508,1,CAAH_OPST_DEB,EXTERIOR PROP AREA – OPEN STOR – DEBRIS,nan,CAAH
339,509,1,CAAH_OPST_JTD,EXTERIOR PROP AREA – OPEN STORAGE – JTD,nan,CAAH
340,510,1,CAAH_OPST_VEH,EXTERIOR PROP AREA – OPEN STORAGE - VEH,nan,CAAH
341,511,1,CAAH_RESP_MAINT,FAILURE TO MAINTAIN BLDGS OR STRUCTURES,nan,CAAH
342,512,1,CAAH_RUB_DISGAR,RUBBISH AND GARBAGE – DISPOSAL  GARBAGE,nan,CAAH
343,513,1,CAAH_RUB_GARCON,RUBBISH AND GARBAGE – CONTAINERS,nan,CAAH
344,514,1,CAAH_RUB_GARD,RUBBISH AND GARBAGE – DISPOSAL RUBBISH,nan,CAAH
345,515,1,CAAH_RUB_GARFAC,RUBBISH AND GARBAGE – GARBAGE FACILITIES,nan,CAAH
346,516,1,CAAH_RUB_GARSTOR,RUBBISH AND GARBAGE – RUBBISH STORAGE,nan,CAAH
347,517,1,CAAH_SCH_BUS,SCHOOL BUSES,nan,CAAH
348,518,1,CAAH_STMEM,INTERIOR OF BLDGS – STRUCTURAL MEMBERS,nan,CAAH
349,519,1,CAAH_TRAC_TRAILER,TRACTOR-TRAILER PARKING,nan,CAAH
350,520,1,CAAH_TRASH_CANS,TRASH CANS,nan,CAAH
351,521,1,CAAH_TRUCK,COMMERCIAL TRUCK PARKING,nan,CAAH
352,522,1,CAAH_VACANT_BLDINGS,VACANT BUILDINGS,nan,CAAH
353,523,1,CAAH_VENT_BATH,VENTILATION – BATHROOMS AND TOILET ROOMS,nan,CAAH
354,524,1,CAAH_VENT_COOKFAC,VENTILATION – COOKING FACILITIES,nan,CAAH
355,525,1,CAAH_VENT_DRYER,VENTILATION – CLOTHES DRYER EXHAUST,nan,CAAH
356,526,1,CAAH_VENT_HABSPC,VENTILATION – HABITABLE SPACES,nan,CAAH
357,527,1,CAAH_VENT_PROC,VENTILATION – PROCESS VENTILATION,nan,CAAH
358,528,1,CAAM_MECH_COMB,MECHANICAL EQUIP – REMOVE OF COMBUS PROD,nan,CAAM
359,529,1,CAAM_MECH_EQUIP,MECHANICAL EQUIP – APPLIANCES,nan,CAAM
360,530,1,CAAP_PLUM_DWLUT,PLUMBING – DWELLING UNITS,nan,CAAP
361,531,1,CAAP_PLUM_EMFAC,PLUMBING – EMPLOYEE FACILITIES,nan,CAAP
362,532,1,CAAP_PLUM_FIXCL,PLUMBING SYSTEMS – FIXTURE CLEARANCE,nan,CAAP
363,533,1,CAAP_PLUM_GENREQ,PLUMBING SYSTEMS – GENERAL REQUIREMENTS,nan,CAAP
364,534,1,CAAP_PLUM_HOTEL,PLUMBING – HOTEL,nan,CAAP
365,535,1,CAAP_PLUM_RMHSE,PLUMBING – ROOMING HOUSES,nan,CAAP
366,536,1,CAAP_PLUM_SYSHAZ,PLUMBING SYSTEMS – SYSTEM HAZARDS,nan,CAAP
367,537,1,CAAP_SAN_DRAIN_MAINT,SANITARY DRAINAGE SYSTEM – MAINTENANCE,nan,CAAP
368,538,1,CAAP_SAN_DRAIN_SYS,SANITARY DRAINAGE SYSTEM – GENERAL,nan,CAAP
369,539,1,CAAP_TOLRM_LOC,TOILET ROOMS – LOCATION,nan,CAAP
370,540,1,CAAP_TOLRM_PRVC,TOILET ROOMS – PRIVACY,nan,CAAP
371,541,1,CAAP_TOLRN_LOCEMFC,TOILET ROOMS – EMPLOYEE TOILET FACILITIE,nan,CAAP
372,542,1,CAAP_WATER_CONTAM,WATER SYSTEM – CONTAMINATION,nan,CAAP
373,543,1,CAAP_WATER_GEN,WATER SYSTEM – GENERAL,nan,CAAP
374,544,1,CAAP_WATER_SUPPLY,WATER – SUPPLY,nan,CAAP
375,545,1,CAAP_WATER_WTRHEAT,WATER – WATER HEATING FACILITIES,nan,CAAP
376,546,1,CAAR_LAND_REG,LANDLORD REGISTRATION REQUIRED,nan,CAAR
377,547,1,CAAZ_BANNERS,BANNERS,nan,CAAZ
378,548,1,CAAZ_CAR_ROW,VEHICLE IN THE RIGHT OF WAY,nan,CAAZ
379,549,1,CAAZ_CERT_COMP,CERTIFICATE OF COMPLIANCE REQUIRED,nan,CAAZ
380,550,1,CAAZ_CERT_COMPLY,CERTIFICATE COMPLIANCE REQ,nan,CAAZ
381,551,1,CAAZ_CHICK_ANIMALS,CHICKENS AND OTHER DOMESTIC FARM ANIMALS,nan,CAAZ
382,552,1,CAAZ_COMVEH_RES,COMMERCIAL VEHICLE RESIDENTIAL DISTRICT,nan,CAAZ
383,553,1,CAAZ_CONSIGN_SALE,CONSIGNMENT SALE,nan,CAAZ
384,554,1,CAAZ_FENCE_HGT,FENCE HEIGHT,nan,CAAZ
385,555,1,CAAZ_FENCE_HGT_FRT,FENCE HEIGHT – INSIDE FRONT SETBACK,nan,CAAZ
386,556,1,CAAZ_FENCE_HGT_OPN,FENCE HEIGHT – OFF RIGHT-OF-WAY (OPEN),nan,CAAZ
387,557,1,CAAZ_FENCE_HGT_PRV,FENCE HEIGHT – OFF RIGHT-OF-WAY (OPAQUE),nan,CAAZ
388,558,1,CAAZ_FENCE_HGT_SRER,FENCE HEIGHT – SIDE AND REAR SETBACK,nan,CAAZ
389,559,1,CAAZ_GARAGE_SALE,GARAGE SALES,nan,CAAZ
390,560,1,CAAZ_HOME_OCC,HOME OCCUPATION – CONDITIONS,nan,CAAZ
391,561,1,CAAZ_HOMEOCC,HOME OCCUPATION – PERMIT REQUIRED,nan,CAAZ
392,562,1,CAAZ_LIGHT_EMISSION,LIGHTING (EMISSION),nan,CAAZ
393,563,1,CAAZ_LIGHT_MAX,LIGHTING (MAX LEVEL),nan,CAAZ
394,564,1,CAAZ_MVEN_VENDING,MOBILE VENDING,nan,CAAZ
395,565,1,CAAZ_NOISE,CONTINUOUS & INTERMITTENT NOISE,nan,CAAZ
396,566,1,CAAZ_OVCROWDEDFM,OVERCROWDING – UNRELATED ADULTS,nan,CAAZ
397,567,1,CAAZ_OVCROWDEDGH,OVERCROWDING – GROUP HOME,nan,CAAZ
398,568,1,CAAZ_OVERCROWDED,OVERCROWDING,nan,CAAZ
399,,,nan,N,2,
400,569,1,CAAZ_PAVING_PARK,PAVING PERMANENT PARKING AREAS,nan,CAAZ
401,,,nan,N,2,
402,570,1,CAAZ_PERMIT_BLD_REQ,BUILDING AND ZONING PERMIT REQUIRED,nan,CAAZ
403,573,1,CAAZ_PERMIT_USE_REQ,FAILURE TO OBTAIN REQUIRED USE PERMIT,nan,CAAZ
404,574,1,CAAZ_RESUSE_CONSIGN,CONSIGNMENT SALE,nan,CAAZ
405,575,1,CAAZ_REUSE_SECRES,SECURITY RESIDENCE,nan,CAAZ
406,576,1,CAAZ_SGN_PROHBBLK,PROHIBITED SIGNS - BLANK,nan,CAAZ
407,577,1,CAAZ_SGN_PROHBPORT,PROHIBITED SIGN - PORTABLE SIGN,nan,CAAZ
408,578,1,CAAZ_SIGN_25PERCENT,SIGNS – GREATER THAN 25 PERCENT,nan,CAAZ
409,579,1,CAAZ_SIGN_ABAN,ABANDONED SIGNS,nan,CAAZ
410,580,1,CAAZ_SIGN_DILAP,DILAPIDATED SIGNS,nan,CAAZ
411,,,nan,N,2,
412,581,1,CAAZ_SIGN_HNDHLD,SIGNS – PROHIBITED – HANDHELD,nan,CAAZ
413,582,1,CAAZ_SIGN_IPLS,SIGNS – PROHIBITED PLACEMENT –BUS,nan,CAAZ
414,583,1,CAAZ_SIGN_IPPP,SIGNS – PROHIBITED PLACEMENT – PUBLIC,nan,CAAZ
415,584,1,CAAZ_SIGN_MAINT,SIGN MAINTENANCE,nan,CAAZ
416,585,1,CAAZ_SIGN_MAT,SIGN MATERIAL,nan,CAAZ
417,586,1,CAAZ_SIGN_MOTION,ELECTRONIC SIGN (LED) DISPLAY MOTION,nan,CAAZ
418,587,1,CAAZ_SIGN_PERMIT,SIGN PERMIT REQUIRED,nan,CAAZ
419,588,1,CAAZ_SIGN_PERMIT_REQ,SIGN PERMIT REQUIRED,nan,CAAZ
420,589,1,CAAZ_SIGN_POLEN,PROHIBITED ON POSTS AND POLES,nan,CAAZ
421,,,nan,N,2,
422,590,1,CAAZ_SIGN_PROHB,PROHIBITED SIGNS,nan,CAAZ
423,591,1,CAAZ_SIGN_ROW, SIGNS IN ROW,nan,CAAZ
424,592,1,CAAZ_SIGN_TEMP,ON-PREMISES TEMPORARY SIGNS,nan,CAAZ
425,593,1,CAAZ_SIGN_TIMING,ELECTRONIC SIGN (LED) DISPLAY TIMING,nan,CAAZ
426,594,1,CAAZ_SIGN_UNSAILL,UNSAFE OR ILLEGAL SIGN,nan,CAAZ
427,595,1,CAAZ_SIGN_VEHP,SIGNS – PROHIBITED (VEHICLE SIGNS),nan,CAAZ
428,596,1,CAAZ_SIGN_WIND,SIGNS  – PROHIBITED - WIND,nan,CAAZ
429,597,1,CAAZ_SIGN_WINDOW,WINDOW SIGNS AND DISPLAY,nan,CAAZ
430,599,1,CAAZ_USE_NOT_PERMIT,USE NOT PERMITTED,nan,CAAZ
431,600,1,CAAZT_FULL_COMPLANCE,CERTIFICATE OF COMPLIANCE,nan,CAAZ
432,601,1,CAAZT_TREE_MAINT,MAINTAIN LANDSCAPE MATERIAL,nan,CAAZ
433,,,nan,N,2,
434,602,1,CAAZT_TREE_PERMIT,TREE REMOVAL PERMIT,nan,CAAZ
435,603,1,CAAZT_TREE_PLANS,COMPLY WITH APPROVED PLANS,nan,CAAZ
436,604,1,CAAZT_TREE_PROTEC,TREE PROTECTION,nan,CAAZ
437,605,1,CAAZT_TREE_REMOVAL,HAZARDOUS TREE REMOVAL,nan,CAAZ
438,"he or she shall serve notice of the risk and the need for the removal, and allow thirty days for the removal of the ",,nan,,nan,
439,tree at the expense of the property owner,,nan,N,2,
440,606,1,CAE01,REWIRE,nan,CAE
441,-,,nan,N,2,
442,607,1,CAE02,ELECTRICAL SERVICE PANEL,nan,CAE
443,-,,nan,N,2,
444,608,1,CAE03,RELOCATE ELECTRICAL SERVICE,nan,CAE
445,-,,nan,N,2,
446,609,1,CAE04,CONDUIT AND WEATHERHEAD,nan,CAE
447,-,,nan,N,2,
448,610,1,CAE05,BATHROOM/KITCHEN GFCI OUTLET,nan,CAE
449,-,,nan,N,2,
450,611,1,CAE06,ELECTRICAL SYSTEM CHECKED AND CERTIFIED,nan,CAE
451,-,,nan,N,2,
452,612,1,CAE07,REPAIR DEFECTIVE SERVICE PANEL,nan,CAE
453,-,,nan,N,2,
454,613,1,CAE08,"REPLACE, REPAIR DEFECTIVE EQUIP.",nan,CAE
455,-,,nan,N,2,
456,614,1,CAE09,REPLACE MISSING WALL OUTLET COVER,nan,CAE
457,-,,nan,N,2,
458,615,1,CAE10,REPLACE MISSING WALL SWITCH COVERS,nan,CAE
459,-,,nan,N,2,
460,616,1,CAE11,REPLACE SUBSTANDARD WIRING (DROP-CORDS),nan,CAE
461,-,,nan,N,2,
462,617,1,CAE12,PROVIDE CONDUITS FOR EXPOSED WIRING,nan,CAE
463,-,,nan,N,2,
464,618,1,CAE13,REMOVE EXTENSION CORDS,nan,CAE
465,-,,nan,N,2,
466,619,1,CAE14,REPLACE CEILING LIGHT FIXTURE COVERS,nan,CAE
467,-,,nan,N,2,
468,620,1,CAE15,PROVIDE JUNCTION BOX,nan,CAE
469,-,,nan,N,2,
470,621,1,CAE16,EXTERIOR PORCH LIGHT,nan,CAE
471,622,1,CAE17,REPLACE MISSING FUSE BLANKS,nan,CAE
472,-,,nan,N,2,
473,623,1,CAE18,"REMOVE, REPLACE SUDSTANDARD WIRING",nan,CAE
474,-,,nan,N,2,
475,624,1,CAE19,BATHROOM GFCI OUTLET,nan,CAE
476,-,,nan,N,2,
477,625,1,CAE20,DEFECTIVE WALL OUTLETS ON EXTERIOR,nan,CAE
478,-,,nan,N,2,
479,626,1,CAE21,CORRECT OTHER ELECTRICAL DEFECTS,nan,CAE
480,-,,nan,N,2,
481,627,1,CAGA_DEX,DOG EXCREMENT,nan,CAG
482,628,1,CAGB_HAZ_W,HAZARDOUS WASTE,nan,CAG
483,629,1,CAGC_GCL,GARBAGE CONTAINER LIDS,nan,CAG
484,630,1,CAGD_ID,ILLEGAL DUMPING,nan,CAG
485,631,1,CAGE_LPR,LITTER ON PRIVATE PROPERTY,nan,CAG
486,632,1,CAGF_LPU,LITTER ON PUBLIC PROPERTY,nan,CAG
487,633,1,CAGG_LVH,LITTER FROM VEHICLES,nan,CAG
488,634,1,CAGH_HWG,EXCESS VEGETATION,nan,CAG
489,635,1,CAGI_GCAN,GARBAGE APPROVED CONTAINERS,nan,CAG
490,636,1,CAGJ_GT_RATS,RAT HARBORAGE GARBAGE,nan,CAG
491,637,1,CAGK_JTD,JUNK TRASH RAT HARBORAGE,nan,CAG
492,638,1,CAGL_STAG,STAGNANT WATER,nan,CAG
493,639,1,CAGM_GTD,"DIRT, FILTH, GARBAGE",nan,CAG
494,641,1,CAGM02,DEFECTIVE ELECTRIC WALL BASE HEATER,nan,CAG
495,-,,nan,N,2,
496,642,1,CAGM03,MISSING HEAT CONTROL KNOBS,nan,CAG
497,-,,nan,N,2,
498,643,1,CAGM04,SEAL OPEN GRATE,nan,CAG
499,-,,nan,N,2,
500,644,1,CAGM05,DEFECTIVE HEAT SUPPLY VENTS IN BASEMENT,nan,CAG
501,-,,nan,N,2,
502,645,1,CAGM06,HEATING SYSTEM PROPERLY INSTALLED,nan,CAG
503,-,,nan,N,2,
504,646,1,CAGM07,ADEQUATE VENTILATION FOR BATHROOM,nan,CAG
505,-,,nan,N,2,
506,647,1,CAGM08,SMOKE DETECTORS,nan,CAG
507,-,,nan,N,2,
508,648,1,CAGM09,HVAC SYSTEM REPAIR,nan,CAG
509,-,,nan,N,2,
510,649,1,CAGM10,FORCED AIR DUCT REPAIR,nan,CAG
511,-,,nan,N,2,
512,650,1,CAGO_CHICKENS,KEEPING CHICKENS,nan,CAG
513,651,1,CAGP_RWR2,RUNNING WATER REQUIRED 2,nan,CAG
514,652,1,CAGQ_SDIS,SEWAGE DISCHARGE STREAM,nan,CAG
515,653,1,CAGR_SPUB,"SEWER, CONNECT TO PUBLIC",nan,CAG
516,654,1,CAGT_SOG,SEWAGE ON GROUND,nan,CAG
517,655,1,CAGU_SBK,SEWAGE DISP. IMPROPERLY MAINT.,nan,CAG
518,656,1,CAGV_SIWL,SEWAGE - ILLEGAL WASTE LINE,nan,CAG
519,657,1,CAGX_LEAK,FAULTY PLUMBING,nan,CAG
520,658,1,CAGZ_OTH,OTHER VIOLATIONS,nan,CAG
521,659,1,CAHC_ILLEG_DUMCN,ILLEGAL DUMPING - CONTAINER,nan,CAH
522,660,1,CAHC_ILLEGAL_DUM,ILLEGAL DUMPING - PROPERTY,nan,CAH
523,661,1,CALL_LANDLORD_REGSTR,LANDLORD REGISTRATION,nan,CAL
524,,,nan,N,2,
525,662,1,CAP01,"INSTALL BATH, SHOWER,BASIN, WC",nan,CAP
526,-,,nan,N,2,
527,663,1,CAP02,COLD-WATER FAUCET FOR THE LAVATORY,nan,CAP
528,-,,nan,N,2,
529,664,1,CAP03,HOT WATER FAUCET FOR THE LAVATORY,nan,CAP
530,-,,nan,N,2,
531,665,1,CAP04,HOT WATER FAUCET FOR THE BATHTUB,nan,CAP
532,-,,nan,N,2,
533,666,1,CAP05,COLD  WATER FAUCET FOR THE BATHTUB,nan,CAP
534,-,,nan,N,2,
535,667,1,CAP06,MIXING FAUCET FOR THE KITCHEN SINK,nan,CAP
536,-,,nan,N,2,
537,668,1,CAP07,LEAKING TRAP ON THE KITCHEN SINK,nan,CAP
538,-,,nan,N,2,
539,669,1,CAP08,LEAKING TRAP ON THE BATHTUB,nan,CAP
540,-,,nan,N,2,
541,670,1,CAP09,LEAKING TRAP ON THE LAVATORY BASIN,nan,CAP
542,-,,nan,N,2,
543,672,1,CAP11,VENT FOR THE LAVATORY BASIN,nan,CAP
544,-,,nan,N,2,
545,673,1,CAP12,LEAKING WASHERS ON THE KITCHEN SINK,nan,CAP
546,-,,nan,N,2,
547,674,1,CAP13,LEAKING WASHERS ON THE LAVATORY BASIN,nan,CAP
548,-,,nan,N,2,
549,675,1,CAP14,LEAKING WASHERS ON THE BATHTUB,nan,CAP
550,-,,nan,N,2,
551,676,1,CAP15,CRACKED FLUSH WATER CLOSET TANK,nan,CAP
552,-,,nan,N,2,
553,677,1,CAP16,CRACKED FLUSH WATER CLOSET BASE,nan,CAP
554,-,,nan,N,2,
555,678,1,CAP17,DEFECTIVE FLUSH “L”,nan,CAP
556,-,,nan,N,2,
557,679,1,CAP18,DEFECTIVE FIXTURES IN THE FLUSH WTR TANK,nan,CAP
558,-,,nan,N,2,
559,680,1,CAP19,PRESSURE RELIEF/  WATER HEATER,nan,CAP
560,-,,nan,N,2,
561,681,1,CAP20,DRAIN LINE /PRESSURE RELIEF VALVE / WTR,nan,CAP
562,-,,nan,N,2,
563,682,1,CAP21,PAN UNDER THE WATER HEATER,nan,CAP
564,-,,nan,N,2,
565,683,1,CAP22,WATER HEATER INSTALLED,nan,CAP
566,-,,nan,N,2,
567,684,1,CAP23,DEFECTIVE WATER HEATER,nan,CAP
568,-,,nan,N,2,
569,685,1,CAP24,UNSTOP THE DRAIN ON THE KITCHEN SINK,nan,CAP
570,-,,nan,N,2,
571,686,1,CAP25,UNSTOP THE DRAIN ON THE LAVATORY BASIN,nan,CAP
572,-,,nan,N,2,
573,687,1,CAP26,UNSTOP THE DRAIN ON THE BATHTUB,nan,CAP
574,-,,nan,N,2,
575,688,1,CAP27,UNSTOP THE DRAIN ON THE SHOWER,nan,CAP
576,-,,nan,N,2,
577,689,1,CAP28,UNSTOP THE DRAIN / FLUSH WATER CLOSET,nan,CAP
578,-,,nan,N,2,
579,690,1,CAP29,DAMAGED FLUSH WATER CLOSET SEAT,nan,CAP
580,-,,nan,N,2,
581,691,1,CAP30,DAMAGED BUILDING DRAIN,nan,CAP
582,-,,nan,N,2,
583,692,1,CAP31,EXTEND THE VENTS A MINIMUM OF 6”,nan,CAP
584,-,,nan,N,2,
585,693,1,CAP32,DEFECTIVE SUMP PUMP,nan,CAP
586,-,,nan,N,2,
587,694,1,CAP33,TRAP FOR THE WASHING MACHINE DRAIN,nan,CAP
588,-,,nan,N,2,
589,695,1,CAP34,CONNECT WASHING MACHINE DRAIN,nan,CAP
590,-,,nan,N,2,
591,696,1,CAP35,BROKEN TOP ON THE FLUSH WATER CLOSET,nan,CAP
592,-,,nan,N,2,
593,697,1,CAP36,MISSING TOP ON THE FLUSH WATER CLOSET,nan,CAP
594,-,,nan,N,2,
595,698,1,CAP37,DAMAGED OR LEAKING AERATOR SPRAYER,nan,CAP
596,-,,nan,N,2,
597,699,1,CAP38,DAMAGED PLUMBING WATER SUPPLY LINES,nan,CAP
598,-,,nan,N,2,
599,700,1,CAP39,DAMAGED COUNTER TOP WORK SURFACE,nan,CAP
600,-,,nan,N,2,
601,701,1,CAP40,OUTSIDE WATER FAUCET HANDLE AND FIXTURE,nan,CAP
602,-,,nan,N,2,
603,702,1,CAP41,DAMAGED CLEAN OUT PLUG ON SEWER LINE,nan,CAP
604,-,,nan,N,2,
605,703,1,CAP42,DAMAGED DRAIN LINES UNDER THE HOUSE,nan,CAP
606,-,,nan,N,2,
607,704,1,CAP43,VENT TO THE OUTSIDE FOR THE DRYER,nan,CAP
608,-,,nan,N,2,
609,705,1,CAP44,FAUCETS FOR THE WASHING MACHINE,nan,CAP
610,-,,nan,N,2,
611,706,1,CAP45,UNSTOP THE WASHING MACHINE DRAIN,nan,CAP
612,-,,nan,N,2,
613,707,1,CAP46,RE-SECURE THE WATER CLOSET TO THE FLOOR,nan,CAP
614,-,,nan,N,2,
615,708,1,CAP47,VENT FOR THE WATER CLOSET,nan,CAP
616,-,,nan,N,2,
617,709,1,CAP48,OTHER PLUMBING DEFECTS,nan,CAP
618,-,,nan,N,2,
619,710,1,CAP50,EXHAUST FAN,nan,CAP
620,-,,nan,N,2,
621,711,1,CAP51,PLUMBING EMPLOYEE FACILITIES,nan,CAP
622,712,1,CAST01,ROOF LEAKING,nan,CAS
623,-,,nan,N,2,
624,713,1,CAST02,RAISE SAGGING ROOF TO ORIGINAL POSITION,nan,CAS
625,-,,nan,N,2,
626,714,1,CAST03,REPLACE ENTIRE ROOF COVERING,nan,CAS
627,-,,nan,N,2,
628,715,1,CAST04,MISSING AND DEFECTIVE SIDING,nan,CAS
629,-,,nan,N,2,
630,716,1,CAST05,EXTERIOR (BRICK VENEER-STONE) WALLS,nan,CAS
631,-,,nan,N,2,
632,717,1,CAST06,DAMAGED (FRONT OR REAR) PORCH CEILING,nan,CAS
633,-,,nan,N,2,
634,718,1,CAST07,OVERHAUL PORCH OR STEPS,nan,CAS
635,-,,nan,N,2,
636,719,1,CAST08,CONCRETE PORCH AND STEPS,nan,CAS
637,-,,nan,N,2,
638,720,1,CAST10,"CORNICES, EAVES, STAIRS, PORCH COLUMNS",nan,CAS
639,-,,nan,N,2,
640,721,1,CAST14,"ROTTED OR DEFECTIVE SHEATHING, RAFTERS",nan,CAS
641,-,,nan,N,2,
642,722,1,CAST15,"MORTAR JOINTS OF CHIMNEYS, MISSING BRICK",nan,CAS
643,-,,nan,N,2,
644,723,1,CAST16,UNSAFE PARTS OF CHIMNEY,nan,CAS
645,-,,nan,N,2,
646,724,1,CAST17,BROKEN WINDOW GLASS,nan,CAS
647,-,,nan,N,2,
648,725,1,CAST18,OVERHAUL WINDOWS,nan,CAS
649,-,,nan,N,2,
650,726,1,CAST19,SCREENS FOR ALL WINDOWS AND DOORS,nan,CAS
651,-,,nan,N,2,
652,727,1,CAST20,DAMAGED SCREENS,nan,CAS
653,-,,nan,N,2,
654,728,1,CAST21,MISSING DOWNSPOUTS,nan,CAS
655,-,,nan,N,2,
656,729,1,CAST22,RUSTED AND DEFECTIVE GUTTERS DOWNSPOUTS,nan,CAS
657,-,,nan,N,2,
658,730,1,CAST23,"UNDERPINNING, HATCHWAY, EXTERIOR DOORS",nan,CAS
659,-,,nan,N,2,
660,731,1,CAST24,PAINT EXTERIOR,nan,CAS
661,-,,nan,N,2,
662,732,1,CAST24B,EXTERIOR PAINT,nan,CAS
663,-,,nan,N,2,
664,733,1,CAST25,"DAMAGED INTERIOR WALLS, CEILINGS, FLOORS",nan,CAS
665,-,,nan,N,2,
666,734,1,CAST26,CLEAN FINISH FOR ALL WALLS CEILINGS DOOR,nan,CAS
667,-,,nan,N,2,
668,735,1,CAST27,"BROKEN, LOOSE AND MISSING PLASTER",nan,CAS
669,-,,nan,N,2,
670,736,1,CAST28,CEILING: LOOSE AND MISSING,nan,CAS
671,-,,nan,N,2,
672,737,1,CAST31,"ROTTED, MISSING OR DEFECTIVE FLOORING",nan,CAS
673,-,,nan,N,2,
674,738,1,CAST32,RAISE AND LEVEL FLOORS,nan,CAS
675,-,,nan,N,2,
676,739,1,CAST33,SAND AND REFINISH FLOOR SURFACES,nan,CAS
677,-,,nan,N,2,
678,740,1,CAST34,FLOOR COVERING,nan,CAS
679,-,,nan,N,2,
680,741,1,CAST35,HANDRAILS,nan,CAS
681,-,,nan,N,2,
682,742,1,CAST36,BANISTER SECURING HANDRAIL,nan,CAS
683,-,,nan,N,2,
684,743,1,CAST37,BROKEN AND WOOD STAIR TREADS,nan,CAS
685,-,,nan,N,2,
686,744,1,CAST38,DAMAGED INTERIOR DOOR,nan,CAS
687,-,,nan,N,2,
688,745,1,CAST39,MISSING HARDWARE,nan,CAS
689,-,,nan,N,2,
690,746,1,CAST40,OVERHAUL FRAME,nan,CAS
691,-,,nan,N,2,
692,747,1,CAST42,"RODENTS, INFESTATION AND VERMIN",nan,CAS
693,-,,nan,N,2,
694,748,1,CAST44,REGULATION GARBAGE CONTAINER,nan,CAS
695,-,,nan,N,2,
696,749,1,CAST45,YARD AREA,nan,CAS
697,-,,nan,N,2,
698,750,1,CAST46,"REPAIR FENCES, SHEDS, GARAGES",nan,CAS
699,-,,nan,N,2,
700,751,1,CAST48,"REMOVE DILAPIDATED FENCES, SHED, GARAGE",nan,CAS
701,-,,nan,N,2,
702,752,1,CAST49,REMOVE JUNK,nan,CAS
703,-,,nan,N,2,
704,753,1,CAST51,REMOVE COMBUSTIBLE MATERIAL,nan,CAS
705,-,,nan,N,2,
706,754,1,CAST52,FAILURE TO REPAIR,nan,CAS
707,"human occupation or use, upon failure or refusal to comply with a notice to repair, alter, improve, vacate and close,",,nan,,nan,
708,"remove or demolish, such dwelling or structure, shall be guilty of a misdemeanor and subject to the penalties prescribed in this code.  16.24.660",,nan,N,2,
709,755,1,CAZZ_SGN_PROHBHARM,PROHIBITED SIGN - HARMFUL,nan,CAZ
710,756,1,HD1032120,APPROVED GARBAGE & TRASH CONTAINERS,nan,HD
711,757,1,HD1032130,ACCUMUALTION OF GARBAGE & TRASH,nan,HD
712,758,1,HD1032140,"ACCUMUALTION OF LUMBER, BOXES, BARRELS",nan,HD
713,759,1,HD1032160,STAGNANT WATER COLLECTION,nan,HD
714,760,1,HD10360201,"DIRT, FILTH, RUBBISH & GARBAGE",nan,HD
715,761,1,HD10360202,VERMIN AND RODENT INFESTATION,nan,HD
716,762,1,HD10360203,EXCESS VEGETATION,nan,HD
717,763,1,HD10360204,CLEAN AMINAL AREAS,nan,HD
718,764,1,HD1572020,SEWAGE ON GROUND,nan,HD
719,765,1,HD157240,IMPROPER MAINT SEWAGE DISPOSAL SYSTEM,nan,HD
720,766,1,HD1624110,FAULTY PLUMBING,nan,HD
721,767,1,HDPM_GT_RATS,RAT HARBORAGE GARBAGE,nan,HD
722,768,1,HDPM_JTD,JUNK TRASH RAT HARBORAGE,nan,HD
723,769,1,HDPM_STAG,STAGNANT WATER,nan,HD
724,770,1,HDPM_VERM,VERMIN,nan,HD
725,771,1,HDVIOL,VEGETATION VIOLATION,nan,HD
726,772,1,CAAA_STRP_PERMIT,STRP Permit Required,nan,CAAA
727,773,1,CAAZ_STRP_Excess BR,Excess Bedrooms,nan,CAAZ
728,774,1,CAAZ_STRP_PERTYP_OOC,Owner Occupied Permit Violation,nan,CAAZ
729,775,1,CAAZ_STRP_Signs,Signage Prohibited,nan,CAAZ
730,776,1,CAAZ_STRP_Noise,Excessive Noise / Waste,nan,CAAZ
731,777,1,CAAZ_STRP_RV,"RV - Campers, Buses Prohibited",nan,CAAZ
732,778,1,CAAZ_STRP_Food,Food Provided Prohibited,nan,CAAZ
733,779,1,CAAZ_STRP_ExcessOccu,Excess Occupancy,nan,CAAZ
734,780,1,CAAZ_STRP_OccLimits,Occupancy Time Limits,nan,CAAZ
735,781,1,BB708020,Sales without a permit,nan,BB
736,782,1,BB708030B,Off Sale - consume on or near premises,nan,BB
737,783,1,BB708030C,On sale required for on premise consume,nan,BB
738,784,1,BB708030D,Caterer Permit,nan,BB
739,785,1,BB708030E,Special Event - sales on premises,nan,BB
740,786,1,BB708040B3,Owners convict beer laws moral turpitude,nan,BB
741,787,1,BB708040B5,Owners incarcerated moral turpitude,nan,BB
742,788,1,BB708040G,Supplemental Application Information,nan,BB
743,789,1,BB708040H,False statement on application,nan,BB
744,790,1,BB708060B,Payment of Privilege Tax,nan,BB
745,791,1,BB708070A,BB public place,nan,BB
746,792,1,BB708070B,BB invoices and memos,nan,BB
747,793,1,BB708070C,BB permit display,nan,BB
748,794,1,BB708070D,BB Off Sale permit display,nan,BB
749,795,1,BB708080,BB permit address displayed,nan,BB
750,796,1,BB708100,On sale permit issuance requirements,nan,BB
751,797,1,BB708105C,Caterer Advanced Notice of events,nan,BB
752,798,1,BB708105D,Caterer location revoked on sale permit,nan,BB
753,799,1,BB708105E,Caterer in 100 feet of church or school,nan,BB
754,800,1,BB708110,Liquor sales to under 21,nan,BB
755,801,1,BB708130A,BB prohibited drugs on premises,nan,BB
756,802,1,BB708130B,BB beverage in excess of 8 percent,nan,BB
757,803,1,BB708130C,BB possession under 21,nan,BB
758,804,1,BB708140A,BB Employ any person convicted,nan,BB
759,805,1,BB708140B,BB Employ any person released,nan,BB
760,806,1,BB708140C,BB sell to under 21 years,nan,BB
761,807,1,BB708140D,BB sell between 3am-6am,nan,BB
762,808,1,BB708140E,BB under 18 loiter,nan,BB
763,809,1,BB708140F,BB false statement application,nan,BB
764,810,1,BB708140G,BB operate disorderly place,nan,BB
765,811,1,BB708140H,BB unlawful passing to minor,nan,BB
766,812,1,BB708140I,BB sell for passing to minor,nan,BB
767,813,1,BB708140J,BB disorderly conduct,nan,BB
768,814,1,BB708140K,BB unauthorized transfer,nan,BB
769,815,1,BB708140L,BB sale to intoxicated,nan,BB
770,816,1,BB708140M,BB intoxicated loiter,nan,BB
771,817,1,BB708140O,BB delivery 11pm-3am,nan,BB
772,818,1,BB708140P,BB unauthorized storage,nan,BB
773,819,1,BB708140Q,BB no sale using food stamps,nan,BB
774,820,1,BB708140R,BB gambling or gambling device,nan,BB
775,821,1,BB708140S,BB solicitation prostitution,nan,BB
776,822,1,BB708140T,BB criminal activity,nan,BB
777,823,1,BB708150B,"Detriment public health, safety, morals",nan,BB
778,824,1,BB708160,"Unlawful transport, sell, etc. beer",nan,BB
779,825,1,BB708170,BB wholesaler sales restriction,nan,BB
780,826,1,BB708180,BB purchase unauthorized wholesaler,nan,BB
781,827,1,BB708190,BB retail sales and storage location,nan,BB
782,828,1,BB708200A,BB delivery location,nan,BB
783,829,1,BB708200B,BB unauthorized resale redelivery,nan,BB
784,830,1,BB708210,BB resale from unauthorized wholesale,nan,BB
785,831,1,BB708220,BB beer permit not returned,nan,BB
786,832,1,BB708230A,BB single location,nan,BB
787,833,1,BB708230B,BB operating name on application,nan,BB
788,834,1,BB708230C,BB cannot transfer to another owner,nan,BB
789,835,1,BB708230D,BB same building multiple business,nan,BB
790,836,1,BB708230E,BB on and off sales permit,nan,BB
791,837,1,BB708230F,BB caterer permit each site,nan,BB
792,838,1,BB708240A,BB hotel motel locked in-room,nan,BB
793,839,1,BB708240B,BB hotel motel minors,nan,BB
794,840,1,BB720010A,BB WMD multiple locations,nan,BB
795,841,1,BB720010B,BB WMD contiguous locations,nan,BB
796,842,1,BB720010C,BB WMD transport,nan,BB
797,843,1,BB720020,Permit suspension and revocation,nan,BB
798,844,1,BB724030B1,BB improper attire employ sales,nan,BB
799,845,1,BB724030B2,BB improper attire employ,nan,BB
800,846,1,BB724030B3,BB encourage improper touch,nan,BB
801,847,1,BB724030B4,Devices which simulate improper attire,nan,BB
802,848,1,BB724030C1,BB Simulation of sexual activity,nan,BB
803,849,1,BB724030C2,18 inches above and 6 feet from patron,nan,BB
804,850,1,BB724030C3,BB devices wich simulate sexual activity,nan,BB
805,851,1,BB724030C4,BB publicly expose genitals or anus,nan,BB
806,852,1,BB724030D,"Film, pics, reproductions depicting acts",nan,BB
807,853,1,BT575101A2,Not Manufacturer and Wholesale Retail,nan,BT
808,854,1,BT575101A3,Not Wholesale and Manufacturer Retail,nan,BT
809,855,1,BT575103A1,Operating without county city permit,nan,BT
810,856,1,BT575103A10,Permits to citizen legal resident,nan,BT
811,857,1,BT575103A2,Permit to business owner,nan,BT
812,858,1,BT575103A3A,Cannot transfer ownership,nan,BT
813,859,1,BT575103A3B,Permit for single location only,nan,BT
814,860,1,BT575103A3C,Business Name same as Permit Name,nan,BT
815,861,1,BT575103A4,Two businesses one location one permit,nan,BT
816,862,1,BT575103A5,On Sale Off Sale one permit,nan,BT
817,863,1,BT575103A6,Return within 15 days of termination,nan,BT
818,864,1,BT575103D1,"No valid cert to sell, dist, manufacture",nan,BT
819,865,1,BT575103D2,Resale cert not displayed distributed,nan,BT
820,866,1,BT575105B1,"Sales near schools, churches",nan,BT
821,867,1,BT575105B2,No sales to minors,nan,BT
822,868,1,BT575105B3,Law violations by owners in past 10 yrs,nan,BT
823,869,1,BT575105B4,Employee law violations in past 10 yrs,nan,BT
824,870,1,BT575105B5,Onsale permit for on premise consumption,nan,BT
825,871,1,BT575105D,False statement on application,nan,BT
826,872,1,BT575107A,Hotel motel locked in room units,nan,BT
827,873,1,BT575107B,Hotel motel no under 21 get keys,nan,BT
828,874,1,BT575110A,Bond required,nan,BT
829,875,1,BT575110B,Bond rider required,nan,BT
830,876,1,BT575110E2,Bond revocation,nan,BT
831,877,1,BT575111B1A,Homemade Beer Compensation,nan,BT
832,878,1,BT575111B1B,Homemade Beer Sales,nan,BT
833,879,1,BT575111B1C,Homemade Beer exceed gallon limit,nan,BT
834,880,1,BT575111B3,Homemade Beer not identified as homemade,nan,BT
835,881,1,BT575111C,Homemade Beer Exhibition,nan,BT
836,882,1,BT575111D1,Homemade Beer Contests,nan,BT
837,883,1,BT575111D2,Homemade Beer Contest Fees,nan,BT
838,884,1,BT575111D3,Homemade Beer Storage on permitted site,nan,BT
839,885,1,BT575112A,Flavored Beer labeling,nan,BT
840,886,1,BT575112B,Indicating flavored beer product,nan,BT
841,887,1,BT575201C,Purchase from unauthorized seller,nan,BT
842,888,1,BT575206A,Invoice and memoranda keeping,nan,BT
843,889,1,BT575206B,Documentation kept for 2 years,nan,BT
844,890,1,BT575207A,Failure to permit inspection,nan,BT
845,891,1,BT575301A1,State law requires ID for sale of beer,nan,BT
846,892,1,BT575301B1,Sales between 12-6,nan,BT
847,893,1,BT575301C,Minors loitering,nan,BT
848,894,1,BT575301F,Vendor under 21 sign posted,nan,BT
849,895,1,BT575304A,Only 1 outdoor sign,nan,BT
850,896,1,BT575416,Beer stored at other address,nan,BT
851,897,1,BT5755031A,Wholesaler transfer written notice,nan,BT
852,898,1,BT5755031B,Wholesale transfer without approval,nan,BT
853,899,1,BT5755032A,Supplier coerce wholesaler agreement,nan,BT
854,900,1,BT5755032B,Supplier coerce delivery,nan,BT
855,901,1,BT5755032C,Supplier withhold delivery,nan,BT
856,902,1,BT5755032D,Supplier cannot require brand sales,nan,BT
857,903,1,BT5755032E,Suppler require conditions or limits,nan,BT
858,904,1,BT5755032F,Suppler require financial information,nan,BT
859,905,1,BT5755032G,Supplier require advertising,nan,BT
860,906,1,BT5755032H,Supplier require termination,nan,BT
861,907,1,BT5755032I,Supplier retailatory action,nan,BT
862,908,1,BT5755032J,Supplier threaten cancel credit,nan,BT
863,909,1,BT575504A,Wholesaler written notice,nan,BT
864,910,1,BT575504B,Wholesaler transfer supplier consent,nan,BT
865,911,1,BT575504C,Written consent required,nan,BT
866,912,1,BT575504C1,Wholesaler transfer to felony conviction,nan,BT
867,913,1,BT575504C2,Wholesale transfer to revoked suspended,nan,BT
868,914,1,BT575504C3,Wholesaler transfer bankruptcy,nan,BT
869,915,1,BT575504C4,Wholesaler previous agreement cancelled,nan,BT
870,916,1,BT575504D,Supplier unreasonable delay transfer,nan,BT
871,917,1,BT575504E,Supplier delay consent to transfer,nan,BT
872,918,1,BT575608A,Responsbile Vendor clerk serve minor,nan,BT
873,919,1,BT575608B,Revoke Responsible Vendor,nan,BT
874,920,1,BT575608C,Revoke Res Vendor 2 violations 12 months,nan,BT
875,927,1,BT5451083C,Failure to pay,nan,BT
876,928,1,BT574203B1A,Failure to pay,nan,BT
877,929,1,BT575409A,Possession of Contraband,nan,BT
878,930,1,BB0708090E5,Dist exempt not meet reqmts,nan,BB
879,931,1,BB708040D,Application false statement,nan,BB
880,932,1,BB0708120B,Draft Beer Keg,nan,BB
881,933,1,BB708090A1,Distance,nan,BB
882,934,1,BT5751038,Distance,nan,BT
883,935,1,BBR11,Post laws and regulations,nan,BB
884,936,1,BBR1,Temp License Allowed,Said person shall state· under oath that he or she has purchased an ongoing business enterprise which involves the sale of beer; and B.   Said person desires to continue the sale of beer as a part of that business enterprise: and C.   Said person has completed under oath an application for an annual beer permit; and D.  The information included on said form does not conflict with any of the requirements for the issuance of an annual beer permit; or E.  Said person shall state under oath that he or she has become the manager or is otherwise responsible for the sale of beer in an ongoing business enterprise: and F.   Said person in order to pursue the business of his or her employer needs to hold a beer permit in order to operate said business; G.  Said person has completed under oath an application for an annual beer permit; and H.  The information included on said form does not conflict with any of the requirements for the issuance of an annual beer permit.,BB
885,937,1,BBR2,Commercially sealed containers,nan,BB
886,938,1,BBR3,"Under 18 transport, sell, dispense",nan,BB
887,939,1,BBR6,No drive-through service,nan,BB
888,940,1,BBR8,Special Event bonafide charity political,nan,BB
889,941,1,BBR9,All owners and partners,nan,BB
890,942,1,BBR10,No delivery,nan,BB
891,943,1,BBR12,Permittee responsible,nan,BB
892,944,1,BBR13,Lease or Ownership required,nan,BB
893,945,1,BBR14A,All applicants over 21,nan,BB
894,946,1,BBR14B,Ascertaining age,nan,BB
895,"4.    A valid identification card showing a recent photograph, issued by any agency of the State or County for the purpose of identification.",,nan,N,10635,
896,947,1,BBR15,Special Event Approvals,nan,BB
897,A.   Department of Health,,nan,,nan,
898,B.   Fire Marshal Approval,,nan,,nan,
899,C.   Certificate of Registration or Tax Exempt Letter from Charity or Non-profit        organizations ,,nan,,nan,
900,"D.  Letter from charitable organization (only if event is held on public property and applicant is not a charity, non-profit or political organization – see Rule 8)  ",,nan,,nan,
901,"E.   Letter of permission to use the Property  (From property owner, Parks Department, Public Works, etc.)",,nan,,nan,
902,F.   Present verifiable proof of proper security.,,nan,N,10635,
903,948,1,BBR16,Payment Types Accepted,nan,BB
904,949,1,BBR17,Crimes of moral turpitude,nan,BB
905,"Premeditated murder, all sex related crimes, selling of Schedule 1 and 2 controlled substances illegally, and fraud and/or embezzlement.  For purposes of this Rule, the Board recognizes the identification of Schedule 1 and 2 substances as defined by Tennessee Code Annotated sections 39-17-406 and 39-6-408, respectively.",,nan,N,10635,
906,950,1,BBR18,Health Department,nan,BB
907,951,1,BBR19,Fire Marshal,nan,BB
908,Failure to provide documents verifying Fire Marshal’s approval may result in automatic deferral of applications until said document has been provided by the applicant.  It is the responsibility of the applicant to ensure that documents verifying metropolitan Fire Marshal’s approval are provided to the Metropolitan Beer Permit Board administrative offices.,,nan,N,10635,
909,952,1,BBR21,Surrender permits,nan,BB
910,953,1,BBR22,Complaints filed in writing,nan,BB
911,954,1,BBR24,Old or New Location,nan,BB
912,955,1,BBR26,Applications 10 days prior,nan,BB
913,All applications for beer permits must be filed at the office of the Metropolitan Beer Board at least ten (10) business days prior to the date of hearing by the Board.,,nan,,nan,
914,"This amended rule supersedes and replaces the Rule 26 that was adopted on March 24, 1992, Rule 7 that was adopted on July 26, 1988, and the rule that was adopted on June 24, 1992.",,nan,N,10635,
915,956,1,BBR28,Cannot surrender to avoid penalties,nan,BB
916,957,1,BBR29,Cannot temporary permits with complaints,nan,BB
917,"However, in the event of a complete change in ownership, when the former owner has relinquished all of his interest in the location at issue, a temporary permit may be granted to the new owner of a location if no violation is pending against him and if he meets all the requirements for obtaining a permit.",,nan,N,10635,
918,959,1,BBR30,Grandfathered,nan,BB
919,"Any business grandfathered under either of the foregoing shall continue to be grandfathered so long as a beer permit remains 'in effect without a lapse of more than three hundred sixty-five (365) days, even if there is a change of ownership. The period without a permit (lapse) is counted as follows: the first day counted is the day after expiration of the prior permit and the last day counted is the day that the application for a new annual permit is filed.",,nan,,nan,
920,"2. The distance requirements do not apply to a retailer on-premises (on sale) permit that is: (1) for an establishment that is located in an MUL zoning district, as determined by Codes Administration, (2) that is obtained prior to April 30, 1993, and (3) that is for an establishment for which more than fifty percent (50%) of the gross sales are derived from the sale of food, excluding sales of alcoholic beverages. A retailer on-premises permit that is exempt from the distance requirements in accordance with the foregoing remains exempt so long as it remains in effect without a lapse of more than three hundred sixty five (365) days",,nan,N,10635,
921,960,1,BBR31,Expanded premises,nan,BB
922,961,1,BBR32,Caterer Permits,nan,BB
923,962,1,BBR34,Standard penalties,nan,BB
924,"These provisions shall apply unless the permit holder is a responsible vendor as recognized pursuant to MCL § 7.08.110 or unless otherwise provided by law. If the permit holder was, at the time of the sale, a responsible vendor, the board shall not suspend or revoke the permit of the responsible vendor, but may impose a civil penalty not to exceed $1000 in lieu of any suspension that would have been imposed but for the permit holder being a responsible vendor.",,nan,N,10635,
925,963,1,BBR33,Past violations considered,nan,BB
926,964,1,BBR35,LLC equals corporation,nan,BB
927,965,1,BBR36,No motions for reconsideration,nan,BB
928,966,1,BBR37,Special Event Permits,nan,BB
929,967,1,BBR38,Suspension Rules,nan,BB
930,968,1,BBR40,Deny permit after 6 months,nan,BB
931,"A grant and delay will be valid for 90 days.  After the expiration of 90 days, the approval expires and the applicant must request in writing to be put back onto the Beer Permit Board agenda.",,nan,N,10635,
932,969,1,BBR41,No permit issued with complaints,nan,BB
933,970,1,BBR39,Sports Authority Facilities,nan,BB
